Rep,Rep code
Rep. Bradley Byrne , AL01
Rep. Mo Brooks , AL05
Rep. Gary Palmer , AL06
Rep. Terri Sewell , AL07
Rep. Don Young , AK00
Rep. Raul Grijalva , AZ03
Rep. Andy Biggs , AZ05
Rep. David Schweikert , AZ06
Rep. Ruben Gallego , AZ07
Rep. Debbie Lesko , AZ08
Rep. Greg Stanton , AZ09
Rep. Eric Crawford , AR01
Rep. French Hill , AR02
Rep. Steve Womack , AR03
Rep. Bruce Westerman , AR04
Rep. Jared Huffman , CA02
Rep. Mike Thompson , CA05
Rep. Ami Bera , CA07
Rep. Josh Harder , CA10
Rep. Mark DeSaulnier , CA11
Rep. Nancy Pelosi , CA12
Rep. Barbara Lee , CA13
Rep. Jackie Speier , CA14
Rep. Eric Swalwell , CA15
Rep. Ro Khanna , CA17
Rep. Anna Eshoo , CA18
Rep. Zoe Lofgren , CA19
Rep. TJ Cox , CA21
Rep. Salud Carbajal , CA24
Rep. Julia Brownley , CA26
Rep. Judy Chu , CA27
Rep. Adam Schiff , CA28
Rep. Tony Cardenas , CA29
Rep. Pete Aguilar , CA31
Rep. Grace Napolitano , CA32
Rep. Ted Lieu , CA33
Rep. Jimmy Gomez , CA34
Rep. Norma Torres , CA35
Rep. Gilbert Cisneros , CA39
Rep. Mark Takano , CA41
Rep. Ken Calvert , CA42
Rep. Nanette Barragán , CA44
Rep. Katie Porter , CA45
Rep. J. Correa , CA46
Rep. Alan Lowenthal , CA47
Rep. Harley Rouda , CA48
Rep. Mike Levin , CA49
Rep. Scott Peters , CA52
Rep. Diana DeGette , CO01
Rep. Joe Neguse , CO02
Rep. Ken Buck , CO04
Rep. Jason Crow , CO06
Rep. Ed Perlmutter , CO07
Rep. John Larson , CT01
Rep. Joe Courtney , CT02
Rep. Rosa DeLauro , CT03
Rep. James Himes , CT04
Rep. Jahana Hayes , CT05
Rep. Lisa Blunt Rochester , DE00
Rep. Eleanor Norton , DC00
Rep. Matt Gaetz , FL01
Rep. Neal Dunn , FL02
Rep. Al Lawson , FL05
Rep. Stephanie Murphy , FL07
Rep. Darren Soto , FL09
Rep. Val Demings , FL10
Rep. Daniel Webster , FL11
Rep. Gus Bilirakis , FL12
Rep. Charlie Crist , FL13
Rep. Ross Spano , FL15
Rep. Vern Buchanan , FL16
Rep. Francis Rooney , FL19
Rep. Alcee Hastings , FL20
Rep. Lois Frankel , FL21
Rep. Theodore Deutch , FL22
Rep. Debbie Wasserman Schultz , FL23
Rep. Mario Diaz,Balart , FL25
Rep. Debbie Mucarsel,Powell , FL26
Rep. Donna Shalala , FL27
Rep. Earl Carter , GA01
Rep. A. Ferguson , GA03
Rep. Henry Johnson , GA04
Rep. John Lewis , GA05
Rep. Lucy McBath , GA06
Rep. Rob Woodall , GA07
Rep. Austin Scott , GA08
Rep. Rick Allen , GA12
Rep. Tom Graves , GA14
Rep. Ed Case , HI01
Rep. Tulsi Gabbard , HI02
Rep. Russ Fulcher , ID01
Rep. Robin Kelly , IL02
Rep. Daniel Lipinski , IL03
Rep. Mike Quigley , IL05
Rep. Sean Casten , IL06
Rep. Raja Krishnamoorthi , IL08
Rep. Janice Schakowsky , IL09
Rep. Bradley Schneider , IL10
Rep. Bill Foster , IL11
Rep. Rodney Davis , IL13
Rep. Lauren Underwood , IL14
Rep. Jim Banks , IN03
Rep. Susan Brooks , IN05
Rep. Greg Pence , IN06
Rep. André Carson , IN07
Rep. Larry Bucshon , IN08
Rep. Cindy Axne , IA03
Rep. Sharice Davids , KS03
Rep. Ron Estes , KS04
Rep. James Comer , KY01
Rep. Brett Guthrie , KY02
Rep. John Yarmuth , KY03
Rep. Harold Rogers , KY05
Rep. Steve Scalise , LA01
Rep. Clay Higgins , LA03
Rep. Ralph Abraham , LA05
Rep. Garret Graves , LA06
Rep. Chellie Pingree , ME01
Rep. Gregorio Sablan , MP00
Rep. C. Ruppersberger , MD02
Rep. John Sarbanes , MD03
Rep. Steny Hoyer , MD05
Rep. David Trone , MD06
Rep. Elijah Cummings , MD07
Rep. Jamie Raskin , MD08
Rep. James McGovern , MA02
Rep. Joseph Kennedy , MA04
Rep. Katherine Clark , MA05
Rep. Seth Moulton , MA06
Rep. Ayanna Pressley , MA07
Rep. Stephen Lynch , MA08
Rep. William Keating , MA09
Rep. Jack Bergman , MI01
Rep. John Moolenaar , MI04
Rep. Fred Upton , MI06
Rep. Tim Walberg , MI07
Rep. Elissa Slotkin , MI08
Rep. Andy Levin , MI09
Rep. Paul Mitchell , MI10
Rep. Haley Stevens , MI11
Rep. Rashida Tlaib , MI13
Rep. Angie Craig , MN02
Rep. Dean Phillips , MN03
Rep. Betty McCollum , MN04
Rep. Tom Emmer , MN06
Rep. Trent Kelly , MS01
Rep. Bennie Thompson , MS02
Rep. Michael Guest , MS03
Rep. Steven Palazzo , MS04
Rep. Ann Wagner , MO02
Rep. Vicky Hartzler , MO04
Rep. Greg Gianforte , MT00
Rep. Don Bacon , NE02
Rep. Dina Titus , NV01
Rep. Susie Lee , NV03
Rep. Steven Horsford , NV04
Rep. Chris Pappas , NH01
Rep. Ann Kuster , NH02
Rep. Donald Norcross , NJ01
Rep. Jeff Van Drew , NJ02
Rep. Christopher Smith , NJ04
Rep. Josh Gottheimer , NJ05
Rep. Frank Pallone , NJ06
Rep. Tom Malinowski , NJ07
Rep. Bill Pascrell , NJ09
Rep. Donald Payne , NJ10
Rep. Mikie Sherrill , NJ11
Rep. Bonnie Watson Coleman , NJ12
Rep. Debra Haaland , NM01
Rep. Ben Ray Luján , NM03
Rep. Thomas Suozzi , NY03
Rep. Kathleen Rice , NY04
Rep. Grace Meng , NY06
Rep. Hakeem Jeffries , NY08
Rep. Yvette Clarke , NY09
Rep. Max Rose , NY11
Rep. Carolyn Maloney , NY12
Rep. Alexandria Ocasio,Cortez , NY14
Rep. Eliot Engel , NY16
Rep. Antonio Delgado , NY19
Rep. Paul Tonko , NY20
Rep. Elise Stefanik , NY21
Rep. Anthony Brindisi , NY22
Rep. Tom Reed , NY23
Rep. Brian Higgins , NY26
Rep. G. Butterfield , NC01
Rep. George Holding , NC02
Rep. David Price , NC04
Rep. Dan Bishop , NC09
Rep. Alma Adams , NC12
Rep. Bill Johnson , OH06
Rep. Bob Gibbs , OH07
Rep. Warren Davidson , OH08
Rep. Marcy Kaptur , OH09
Rep. Troy Balderson , OH12
Rep. Tim Ryan , OH13
Rep. David Joyce , OH14
Rep. Anthony Gonzalez , OH16
Rep. Kevin Hern , OK01
Rep. Suzanne Bonamici , OR01
Rep. Greg Walden , OR02
Rep. Earl Blumenauer , OR03
Rep. Peter DeFazio , OR04
Rep. Brian Fitzpatrick , PA01
Rep. Dwight Evans , PA03
Rep. Mary Scanlon , PA05
Rep. Chrissy Houlahan , PA06
Rep. Susan Wild , PA07
Rep. Matt Cartwright , PA08
Rep. Daniel Meuser , PA09
Rep. Scott Perry , PA10
Rep. John Joyce , PA13
Rep. Mike Kelly , PA16
Rep. Conor Lamb , PA17
Rep. Michael Doyle , PA18
Rep. Jenniffer González,Colón , PR00
Rep. David Cicilline , RI01
Rep. Joe Wilson , SC02
Rep. Charles Fleischmann , TN03
Rep. Jim Cooper , TN05
Rep. David Kustoff , TN08
Rep. Steve Cohen , TN09
Rep. Dan Crenshaw , TX02
Rep. Van Taylor , TX03
Rep. John Ratcliffe , TX04
Rep. Lizzie Fletcher , TX07
Rep. Michael McCaul , TX10
Rep. K. Conaway , TX11
Rep. Randy Weber , TX14
Rep. Vicente Gonzalez , TX15
Rep. Veronica Escobar , TX16
Rep. Sheila Jackson Lee , TX18
Rep. Joaquin Castro , TX20
Rep. Roy , TX21
Rep. Pete Olson , TX22
Rep. Will Hurd , TX23
Rep. Michael Burgess , TX26
Rep. Henry Cuellar , TX28
Rep. Sylvia Garcia , TX29
Rep. Eddie Bernice Johnson , TX30
Rep. John Carter , TX31
Rep. Colin Allred , TX32
Rep. Marc Veasey , TX33
Rep. Filemon Vela , TX34
Rep. Ben McAdams , UT04
Rep. Robert Wittman , VA01
Rep. Elaine Luria , VA02
Rep. Robert Scott , VA03
Rep. A. McEachin , VA04
Rep. Denver Riggleman , VA05
Rep. Ben Cline , VA06
Rep. Donald Beyer , VA08
Rep. Morgan Griffith , VA09
Rep. Jennifer Wexton , VA10
Rep. Gerald Connolly , VA11
Rep. Suzan DelBene , WA01
Rep. Rick Larsen , WA02
Rep. Jaime Herrera Beutler , WA03
Rep. Dan Newhouse , WA04
Rep. Pramila Jayapal , WA07
Rep. Kim Schrier , WA08
Rep. Adam Smith , WA09
Rep. Denny Heck , WA10
Rep. Alexander Mooney , WV02
Rep. Carol Miller , WV03
Rep. Mike Gallagher , WI08
Rep. Liz Cheney , WY00
